City_ID,City,Country,Lat,Lng,Max Temp,Humidity,Cloudiness,Wind Speed,Weather Description,Date
0,Alofi,NU,-19.0595,-169.9187,75.09,100,11,5.75,few clouds,2021-07-23 19:35:50
1,Barrow,US,71.2906,-156.7887,37.42,93,90,16.11,mist,2021-07-23 19:44:47
2,Punta Arenas,CL,-53.15,-70.9167,41.11,75,0,19.57,clear sky,2021-07-23 19:40:02
3,Bluff,NZ,-46.6,168.3333,40.8,87,87,10.63,overcast clouds,2021-07-23 19:44:48
4,Carnarvon,AU,-24.8667,113.6333,59.07,66,90,8.05,overcast clouds,2021-07-23 19:44:48
5,Zaysan,KZ,47.4667,84.8667,67.59,60,57,3.04,broken clouds,2021-07-23 19:36:11
6,Salinopolis,BR,-0.6136,-47.3561,79.75,84,85,12.21,light rain,2021-07-23 19:44:49
7,Tasiilaq,GL,65.6145,-37.6368,41.16,99,100,3.49,light rain,2021-07-23 19:44:49
8,Butaritari,KI,3.0707,172.7902,83.71,73,52,16.71,broken clouds,2021-07-23 19:44:49
9,Pasighat,IN,28.0667,95.3333,77.85,96,73,1.72,broken clouds,2021-07-23 19:44:50
10,Mahebourg,MU,-20.4081,57.7,70.09,78,40,6.91,scattered clouds,2021-07-23 19:44:50
11,Usinsk,RU,65.9939,57.5281,54.3,75,100,7.49,overcast clouds,2021-07-23 19:44:50
12,Saint Stephen,GB,50.3333,-4.9,71.74,60,100,4.61,overcast clouds,2021-07-23 19:44:50
13,Florence,IT,43.7667,11.25,80.28,65,0,5.75,clear sky,2021-07-23 19:41:02
14,Port Elizabeth,ZA,-33.918,25.5701,47.1,93,40,3.44,scattered clouds,2021-07-23 19:43:53
15,Souillac,MU,-20.5167,57.5167,70.18,78,40,6.91,scattered clouds,2021-07-23 19:35:27
16,Alice Springs,AU,-23.7,133.8833,42.35,56,2,9.22,clear sky,2021-07-23 19:35:00
17,Bredasdorp,ZA,-34.5322,20.0403,49.32,76,0,9.22,clear sky,2021-07-23 19:44:51
18,Rostovka,RU,55.3842,71.8891,70.41,58,31,10.33,scattered clouds,2021-07-23 19:44:52
19,Sierra Vista,US,31.5545,-110.3037,79.81,51,40,8.99,scattered clouds,2021-07-23 19:44:52
20,Bathsheba,BB,13.2167,-59.5167,83.28,73,11,14.54,few clouds,2021-07-23 19:44:52
21,Ushuaia,AR,-54.8,-68.3,40.62,81,75,18.41,light rain,2021-07-23 19:41:41
22,Matagami,CA,49.7502,-77.6328,77.11,41,75,8.05,broken clouds,2021-07-23 19:32:38
23,Whitehorse,CA,60.7161,-135.0538,65.17,36,40,11.01,scattered clouds,2021-07-23 19:44:53
24,Qaanaaq,GL,77.484,-69.3632,43.57,57,23,1.66,few clouds,2021-07-23 19:44:54
25,Depok,ID,-6.4,106.8186,78.62,82,64,3.71,broken clouds,2021-07-23 19:44:54
26,Ilebo,CD,-4.3167,20.5833,79.52,29,75,1.25,broken clouds,2021-07-23 19:44:54
27,New Norfolk,AU,-42.7826,147.0587,43.75,80,66,1.01,broken clouds,2021-07-23 19:42:42
28,Albany,US,42.6001,-73.9662,78.75,59,59,7.87,broken clouds,2021-07-23 19:43:50
29,Tuburan,PH,6.6439,122.2736,81.93,81,82,7.18,broken clouds,2021-07-23 19:44:55
30,Kavieng,PG,-2.5744,150.7967,82.04,78,19,13.4,light rain,2021-07-23 19:35:33
31,Ambilobe,MG,-13.2,49.05,65.73,82,1,3.85,clear sky,2021-07-23 19:44:55
32,Hithadhoo,MV,-0.6,73.0833,82.18,77,100,14.34,overcast clouds,2021-07-23 19:44:56
33,San Jeronimo,PE,-11.9472,-75.2829,59.49,40,93,8.86,overcast clouds,2021-07-23 19:44:56
34,Busselton,AU,-33.65,115.3333,49.08,60,98,14.7,overcast clouds,2021-07-23 19:44:56
35,Hobart,AU,-42.8794,147.3294,44.11,85,81,3.0,broken clouds,2021-07-23 19:44:56
36,Saint-Philippe,RE,-21.3585,55.7679,67.59,70,43,7.61,scattered clouds,2021-07-23 19:44:57
37,Rikitea,PF,-23.1203,-134.9692,71.37,67,99,16.98,overcast clouds,2021-07-23 19:44:57
38,Malanje,AO,-9.5402,16.341,67.87,21,31,3.11,scattered clouds,2021-07-23 19:44:57
39,Ancud,CL,-41.8697,-73.8203,49.53,63,86,6.35,overcast clouds,2021-07-23 19:44:58
40,Iisalmi,FI,63.5592,27.1907,51.82,74,97,3.38,overcast clouds,2021-07-23 19:44:58
41,Saskylakh,RU,71.9167,114.0833,56.32,78,95,13.91,overcast clouds,2021-07-23 19:44:58
42,Airai,TL,-8.9266,125.4092,56.23,36,11,3.36,few clouds,2021-07-23 19:44:58
43,Bermeo,ES,43.4209,-2.7215,69.85,84,2,5.28,clear sky,2021-07-23 19:44:59
44,Nouadhibou,MR,20.931,-17.0347,71.58,78,0,14.97,clear sky,2021-07-23 19:44:59
45,Acarau,BR,-2.8856,-40.12,81.99,66,4,18.01,clear sky,2021-07-23 19:34:19
46,Half Moon Bay,US,37.4636,-122.4286,91.74,62,1,1.99,clear sky,2021-07-23 19:32:03
47,Garissa,KE,-0.4536,39.6401,76.05,66,62,22.12,broken clouds,2021-07-23 19:45:00
48,Smithers,CA,54.7804,-127.1743,55.72,76,75,2.3,light rain,2021-07-23 19:31:20
49,Rawson,AR,-43.3002,-65.1023,53.74,32,2,14.92,clear sky,2021-07-23 19:35:35
50,Conchas,BR,-23.0153,-48.0106,77.5,23,0,3.89,clear sky,2021-07-23 19:45:00
51,Avarua,CK,-21.2078,-159.775,77.05,73,2,8.05,clear sky,2021-07-23 19:45:01
52,Necochea,AR,-38.5473,-58.7368,53.04,71,100,14.12,overcast clouds,2021-07-23 19:43:28
53,Saldanha,ZA,-33.0117,17.9442,44.65,65,0,9.04,clear sky,2021-07-23 19:45:01
54,Provideniya,RU,64.3833,-173.3,51.93,66,35,7.49,scattered clouds,2021-07-23 19:45:03
55,Tarko-Sale,RU,64.9225,77.785,54.97,88,67,21.92,broken clouds,2021-07-23 19:45:03
56,Vila Velha,BR,-20.3297,-40.2925,75.15,57,20,10.36,few clouds,2021-07-23 19:31:50
57,Abha,SA,18.2164,42.5053,64.22,82,20,4.61,few clouds,2021-07-23 19:45:04
58,Kodiak,US,57.79,-152.4072,54.91,88,90,12.66,moderate rain,2021-07-23 19:45:04
59,Fortuna,US,40.5982,-124.1573,68.94,68,20,5.01,few clouds,2021-07-23 19:45:05
60,Impfondo,CG,1.6381,18.0667,75.7,71,100,2.57,overcast clouds,2021-07-23 19:45:05
61,Atuona,PF,-9.8,-139.0333,76.91,77,58,11.07,broken clouds,2021-07-23 19:45:05
62,Verkhoyansk,RU,67.5447,133.385,64.33,51,100,3.33,overcast clouds,2021-07-23 19:45:06
63,Dakar,SN,14.6937,-17.4441,81.48,61,75,6.91,broken clouds,2021-07-23 19:40:34
64,Hilo,US,19.7297,-155.09,78.8,88,90,5.75,moderate rain,2021-07-23 19:45:06
65,Sandnessjoen,NO,66.0217,12.6316,54.12,93,75,11.5,broken clouds,2021-07-23 19:45:07
66,Chuy,UY,-33.6971,-53.4616,65.05,78,5,4.29,clear sky,2021-07-23 19:45:07
67,Vaini,TO,-21.2,-175.2,73.56,94,20,2.3,few clouds,2021-07-23 19:42:17
68,Palmer,US,42.1584,-72.3287,81.77,41,40,3.0,light rain,2021-07-23 19:45:07
69,Khatanga,RU,71.9667,102.5,49.55,84,29,8.08,scattered clouds,2021-07-23 19:44:07
70,Sola,VU,-13.8833,167.55,79.61,81,88,15.99,light rain,2021-07-23 19:45:08
71,Arraial Do Cabo,BR,-22.9661,-42.0278,75.16,60,0,16.11,clear sky,2021-07-23 19:41:17
72,Atherton,GB,53.5237,-2.4935,70.45,65,100,5.99,overcast clouds,2021-07-23 19:45:08
73,Mataura,NZ,-46.1927,168.8643,40.48,89,39,3.42,scattered clouds,2021-07-23 19:45:10
74,Castro,BR,-24.7911,-50.0119,64.72,60,0,2.17,clear sky,2021-07-23 19:45:10
75,Kapaa,US,22.0752,-159.319,82.72,77,75,4.0,light rain,2021-07-23 19:45:11
76,Upernavik,GL,72.7868,-56.1549,40.28,93,100,3.8,light rain,2021-07-23 19:45:11
77,Kaitangata,NZ,-46.2817,169.8464,42.93,75,28,4.5,scattered clouds,2021-07-23 19:45:11
78,Los Llanos De Aridane,ES,28.6585,-17.9182,70.12,88,20,19.57,few clouds,2021-07-23 19:45:12
79,Mar Del Plata,AR,-38.0023,-57.5575,68.02,59,0,11.99,clear sky,2021-07-23 19:45:00
80,Hermanus,ZA,-34.4187,19.2345,50.9,75,0,13.13,clear sky,2021-07-23 19:45:13
81,Vardo,NO,70.3705,31.1107,46.6,87,75,26.46,broken clouds,2021-07-23 19:45:13
82,Olenino,RU,56.2092,33.4889,51.93,83,16,5.14,few clouds,2021-07-23 19:45:13
83,Rehoboth,NA,-23.3167,17.0833,44.08,14,0,5.32,clear sky,2021-07-23 19:45:14
84,Cape Town,ZA,-33.9258,18.4232,52.21,61,0,5.75,clear sky,2021-07-23 19:43:32
85,Vaitape,PF,-16.5167,-151.75,78.06,68,8,15.55,clear sky,2021-07-23 19:35:56
86,Richards Bay,ZA,-28.783,32.0377,61.02,58,54,17.52,broken clouds,2021-07-23 19:45:14
87,Buala,SB,-8.145,159.5921,79.59,83,77,5.48,light rain,2021-07-23 19:45:14
88,Requena,ES,39.4883,-1.1004,75.79,37,31,3.13,scattered clouds,2021-07-23 19:45:15
89,Cartagena,CO,10.3997,-75.5144,91.02,62,40,11.5,scattered clouds,2021-07-23 19:35:18
90,Obidos,BR,-1.9175,-55.5181,92.61,37,44,6.33,scattered clouds,2021-07-23 19:45:16
91,Ballitoville,ZA,-29.539,31.2144,55.24,53,0,5.75,clear sky,2021-07-23 19:45:16
92,Irbil,IQ,36.1926,44.0106,94.82,17,0,6.91,clear sky,2021-07-23 19:44:19
93,Eydhafushi,MV,5.1033,73.0708,82.8,77,61,12.46,broken clouds,2021-07-23 19:45:17
94,Thompson,CA,55.7435,-97.8558,77.16,29,40,18.41,scattered clouds,2021-07-23 19:43:07
95,Meulaboh,ID,4.1363,96.1285,77.22,88,100,4.23,overcast clouds,2021-07-23 19:44:58
96,Yellowknife,CA,62.456,-114.3525,74.32,73,75,3.0,smoke,2021-07-23 19:44:14
97,Pisco,PE,-13.7,-76.2167,64.45,72,40,10.36,scattered clouds,2021-07-23 19:45:18
98,Panama City,PA,8.9936,-79.5197,91.35,80,40,8.05,thunderstorm,2021-07-23 19:43:14
99,Nikolskoye,RU,59.7035,30.7861,61.81,67,90,0.98,overcast clouds,2021-07-23 19:45:18
100,Jamestown,US,42.097,-79.2353,78.08,56,75,8.01,broken clouds,2021-07-23 19:44:21
101,Kavaratti,IN,10.5669,72.642,82.09,81,99,21.05,overcast clouds,2021-07-23 19:45:19
102,Puerto Ayora,EC,-0.7393,-90.3518,82.36,83,95,11.01,overcast clouds,2021-07-23 19:45:19
103,Challans,FR,46.8436,-1.8749,70.27,84,4,12.53,clear sky,2021-07-23 19:45:19
104,Torbay,CA,47.6666,-52.7314,66.15,90,75,4.61,broken clouds,2021-07-23 19:45:19
105,Tuktoyaktuk,CA,69.4541,-133.0374,53.6,66,75,11.5,broken clouds,2021-07-23 19:45:20
106,Gazanjyk,TM,39.2446,55.5154,89.06,40,0,7.65,clear sky,2021-07-23 19:45:20
107,Portland,US,45.5234,-122.6762,83.35,37,1,1.99,clear sky,2021-07-23 19:45:00
108,Vila Do Maio,CV,15.1333,-23.2167,81.39,73,86,13.56,overcast clouds,2021-07-23 19:45:20
109,Ribeira Grande,PT,38.5167,-28.7,73.8,88,75,13.8,broken clouds,2021-07-23 19:45:21
110,Magdagachi,RU,53.45,125.8,66.29,99,100,2.51,light rain,2021-07-23 19:45:21
111,Lompoc,US,34.6391,-120.4579,88.79,66,47,13.8,scattered clouds,2021-07-23 19:45:21
112,Katsuura,JP,35.1333,140.3,80.11,85,0,1.86,clear sky,2021-07-23 19:45:22
113,Hovd,MN,48.0056,91.6419,68.86,51,44,2.89,scattered clouds,2021-07-23 19:45:22
114,Ried,DE,48.477,11.2606,72.36,78,3,4.88,clear sky,2021-07-23 19:45:22
115,Ruiru,KE,-1.1606,36.9567,67.23,63,75,5.75,broken clouds,2021-07-23 19:45:23
116,Ivanava,BY,52.1451,25.5365,62.89,75,55,3.47,broken clouds,2021-07-23 19:45:23
117,Damara,CF,4.9608,18.7035,81.82,87,100,1.19,light rain,2021-07-23 19:45:23
118,Mufumbwe,ZM,-13.6833,24.8,58.69,38,67,5.19,broken clouds,2021-07-23 19:45:24
119,Tiksi,RU,71.6872,128.8694,42.66,87,96,5.21,overcast clouds,2021-07-23 19:45:24
120,Mbigou,GA,-1.9005,11.906,68.0,89,100,3.2,light rain,2021-07-23 19:45:24
121,Naze,JP,28.3667,129.4833,77.74,89,100,28.92,light rain,2021-07-23 19:45:25
122,Cherskiy,RU,68.75,161.3,48.22,67,0,6.46,clear sky,2021-07-23 19:45:25
123,Krasnoselkup,RU,65.7,82.4667,70.38,67,100,25.97,overcast clouds,2021-07-23 19:45:26
124,Nizhnevartovsk,RU,60.9344,76.5531,73.42,56,0,6.71,clear sky,2021-07-23 19:45:26
125,Trincomalee,LK,8.5711,81.2335,81.28,72,100,23.17,overcast clouds,2021-07-23 19:45:26
126,Palana,RU,59.1167,159.9667,52.7,90,100,6.64,overcast clouds,2021-07-23 19:45:26
127,Chokurdakh,RU,70.6333,147.9167,39.02,74,66,12.19,broken clouds,2021-07-23 19:45:27
128,Port Blair,IN,11.6667,92.75,81.32,84,100,21.47,overcast clouds,2021-07-23 19:45:27
129,Hualmay,PE,-11.0964,-77.6139,67.12,74,17,11.86,few clouds,2021-07-23 19:34:57
130,La Ronge,CA,55.1001,-105.2842,62.82,67,90,8.05,overcast clouds,2021-07-23 19:45:27
131,Pontevedra,ES,42.431,-8.6444,67.1,94,42,4.23,scattered clouds,2021-07-23 19:45:28
132,Humaita,BR,-7.5061,-63.0208,98.2,22,22,3.71,few clouds,2021-07-23 19:45:28
133,Cukai,MY,4.25,103.4167,78.94,81,100,1.25,overcast clouds,2021-07-23 19:45:28
134,Ostrovnoy,RU,68.0531,39.5131,42.98,93,100,20.45,overcast clouds,2021-07-23 19:45:29
135,Areosa,PT,41.7178,-8.8571,67.68,92,0,3.98,clear sky,2021-07-23 19:45:29
136,Candolim,IN,15.5181,73.7626,81.19,82,100,18.84,overcast clouds,2021-07-23 19:45:29
137,Pangody,RU,65.85,74.4859,50.86,91,100,22.17,overcast clouds,2021-07-23 19:45:29
138,Port Alfred,ZA,-33.5906,26.891,53.28,66,100,4.45,light rain,2021-07-23 19:45:30
139,Abbeville,FR,50.1,1.8333,73.49,69,100,12.03,overcast clouds,2021-07-23 19:41:30
140,Tessalit,ML,20.1986,1.0114,89.26,38,60,15.95,broken clouds,2021-07-23 19:45:30
141,Sobolevo,RU,54.4299,31.8996,58.15,91,13,5.68,few clouds,2021-07-23 19:45:31
142,Hailun,CN,47.45,126.9333,68.47,84,48,10.36,scattered clouds,2021-07-23 19:45:31
143,Viedma,AR,-40.8135,-62.9967,53.76,39,89,15.12,overcast clouds,2021-07-23 19:35:45
144,North Bend,US,43.4065,-124.2243,82.24,60,1,14.97,clear sky,2021-07-23 19:45:31
145,Isangel,VU,-19.55,169.2667,75.49,86,8,4.61,clear sky,2021-07-23 19:45:32
146,Sabalgarh,IN,26.25,77.4,85.41,75,100,7.34,heavy intensity rain,2021-07-23 19:45:32
147,Grindavik,IS,63.8424,-22.4338,55.56,100,90,13.8,drizzle,2021-07-23 19:45:32
148,Vrangel,RU,42.7297,133.0839,73.51,93,61,5.39,broken clouds,2021-07-23 19:45:32
149,Bengkulu,ID,-3.8004,102.2655,75.11,85,40,3.06,scattered clouds,2021-07-23 19:45:33
150,Eyl,SO,7.9803,49.8164,78.3,72,51,26.84,broken clouds,2021-07-23 19:45:33
151,Zhigalovo,RU,54.8097,105.1578,51.71,97,0,0.89,clear sky,2021-07-23 19:45:33
152,Kahului,US,20.8947,-156.47,80.62,82,40,18.41,scattered clouds,2021-07-23 19:42:22
153,Makakilo City,US,21.3469,-158.0858,82.72,70,75,10.36,broken clouds,2021-07-23 19:36:18
154,Puerto Del Rosario,ES,28.5004,-13.8627,76.75,69,20,19.57,few clouds,2021-07-23 19:35:49
155,Carnduff,CA,49.1667,-101.8009,85.37,20,2,8.48,clear sky,2021-07-23 19:45:34
156,Kamenka,RU,51.3223,42.7678,62.37,60,0,5.1,clear sky,2021-07-23 19:35:45
157,Forest,US,37.3638,-79.2897,87.93,50,75,3.0,broken clouds,2021-07-23 19:45:34
158,Saint-Pierre,RE,-21.3393,55.4781,67.68,67,20,8.05,few clouds,2021-07-23 19:45:35
159,College,US,64.8569,-147.8028,73.2,72,75,0.0,broken clouds,2021-07-23 19:43:12
160,Sao Filipe,CV,14.8961,-24.4956,73.6,77,7,11.01,clear sky,2021-07-23 19:32:32
161,Vidim,RU,56.4088,103.1106,54.9,96,6,3.0,clear sky,2021-07-23 19:45:35
162,Bonthe,SL,7.5264,-12.505,74.66,96,100,12.35,heavy intensity rain,2021-07-23 19:45:35
163,Victoria,HK,22.2855,114.1577,85.96,87,84,1.01,broken clouds,2021-07-23 19:42:21
164,Daru,PG,-9.0763,143.2092,75.99,84,100,7.65,overcast clouds,2021-07-23 19:45:36
165,Anadyr,RU,64.75,177.4833,55.9,87,40,8.01,light rain,2021-07-23 19:45:36
166,Pinawa,CA,50.1489,-95.8811,95.22,29,100,10.49,overcast clouds,2021-07-23 19:45:37
167,Georgetown,MY,5.4112,100.3354,83.89,87,20,3.0,few clouds,2021-07-23 19:45:11
168,Oktyabrskoye,RU,43.0645,44.7417,64.54,93,100,6.71,light rain,2021-07-23 19:45:37
169,Swakopmund,NA,-22.6833,14.5333,70.65,73,0,8.05,clear sky,2021-07-23 19:45:37
170,Shiraoi,JP,42.55,141.35,71.2,96,99,3.58,overcast clouds,2021-07-23 19:45:38
171,Vostok,RU,46.4856,135.8833,69.71,84,100,3.62,overcast clouds,2021-07-23 19:33:53
172,Pevek,RU,69.7008,170.3133,41.5,76,100,5.84,overcast clouds,2021-07-23 19:43:46
173,Noyabrsk,RU,63.1994,75.4507,54.07,91,100,11.03,overcast clouds,2021-07-23 19:45:38
174,Terra Santa,BR,-2.1042,-56.4869,93.85,36,66,6.91,broken clouds,2021-07-23 19:45:38
175,Muros,ES,42.7762,-9.0603,67.08,85,38,8.77,scattered clouds,2021-07-23 19:36:43
176,Boyolangu,ID,-8.1181,111.8935,73.58,87,59,5.46,broken clouds,2021-07-23 19:45:39
177,Salta,AR,-24.7859,-65.4117,81.19,24,0,4.0,clear sky,2021-07-23 19:45:39
178,Bambous Virieux,MU,-20.3428,57.7575,70.05,78,40,6.91,scattered clouds,2021-07-23 19:43:18
179,Cidreira,BR,-30.1811,-50.2056,62.46,74,1,8.43,clear sky,2021-07-23 19:45:40
180,Isla Vista,US,34.4133,-119.861,90.91,64,1,8.05,clear sky,2021-07-23 19:45:40
181,Atar,MR,20.5169,-13.0499,96.03,20,2,9.86,clear sky,2021-07-23 19:44:04
182,Tuy Hoa,VN,13.0833,109.3,81.79,69,100,14.88,overcast clouds,2021-07-23 19:45:40
183,Haines Junction,CA,60.7522,-137.5108,64.35,39,25,3.44,scattered clouds,2021-07-23 19:45:41
184,Lithakia,GR,37.7167,20.8333,79.88,65,20,0.0,few clouds,2021-07-23 19:45:41
185,Magdalena,PH,14.1999,121.429,80.24,88,100,9.42,moderate rain,2021-07-23 19:45:41
186,Bamenda,CM,5.9527,10.1582,63.36,99,100,2.55,light rain,2021-07-23 19:45:42
187,Mamit,IN,23.9333,92.4833,69.66,98,90,1.34,overcast clouds,2021-07-23 19:45:42
188,Qingdao,CN,36.0986,120.3719,74.8,83,0,0.0,clear sky,2021-07-23 19:45:43
189,Ponta Do Sol,PT,32.6667,-17.1,74.71,74,1,5.01,clear sky,2021-07-23 19:42:56
190,Huarmey,PE,-10.0681,-78.1522,69.24,73,6,14.32,clear sky,2021-07-23 19:45:43
191,Taoudenni,ML,22.6783,-3.9836,100.54,23,92,16.17,overcast clouds,2021-07-23 19:45:43
192,Bilma,NE,18.6853,12.9164,95.97,26,8,11.77,clear sky,2021-07-23 19:45:44
193,Paamiut,GL,61.994,-49.6678,43.27,84,57,2.53,broken clouds,2021-07-23 19:45:44
194,Sinnamary,GF,5.3833,-52.95,81.16,84,73,12.75,broken clouds,2021-07-23 19:35:54
195,Pitimbu,BR,-7.4706,-34.8086,79.39,82,32,16.51,scattered clouds,2021-07-23 19:45:44
196,Lively,CA,46.4334,-81.1498,80.38,46,1,8.25,clear sky,2021-07-23 19:45:45
197,Bundaberg,AU,-24.85,152.35,69.22,92,90,1.99,overcast clouds,2021-07-23 19:45:45
198,Sur,OM,22.5667,59.5289,92.75,55,25,11.72,scattered clouds,2021-07-23 19:45:38
199,Avera,US,33.194,-82.5271,92.86,51,80,3.13,broken clouds,2021-07-23 19:36:11
200,Cabo San Lucas,MX,22.8909,-109.9124,100.51,66,1,9.95,clear sky,2021-07-23 19:41:16
201,Buin,CL,-33.7333,-70.75,73.72,36,4,5.35,clear sky,2021-07-23 19:45:46
202,Polyarnyy,RU,69.1989,33.4478,46.87,81,100,28.7,overcast clouds,2021-07-23 19:45:46
203,Forestville,US,38.8451,-76.875,88.23,38,20,8.05,few clouds,2021-07-23 19:44:26
204,Narsaq,GL,60.9167,-46.05,57.42,60,4,4.16,clear sky,2021-07-23 19:36:01
205,Kushima,JP,31.4583,131.2333,77.59,91,100,13.29,overcast clouds,2021-07-23 19:45:46
206,Payo,ID,-3.7508,103.6372,71.31,98,33,1.95,scattered clouds,2021-07-23 19:45:47
207,Tarija,BO,-21.5355,-64.7296,89.51,15,0,5.75,clear sky,2021-07-23 19:45:47
208,Harper,LR,4.375,-7.7169,75.72,75,100,8.01,overcast clouds,2021-07-23 19:36:18
209,Kuchinarai,TH,16.541,104.05,74.17,95,100,19.57,light rain,2021-07-23 19:45:47
210,Manali,IN,13.1667,80.2667,84.29,64,100,15.64,overcast clouds,2021-07-23 19:45:48
211,Ambon,ID,-3.6954,128.1814,77.68,87,100,8.08,overcast clouds,2021-07-23 19:45:48
212,La Romana,DO,18.4273,-68.9728,91.76,66,75,4.61,broken clouds,2021-07-23 19:45:49
213,Tuatapere,NZ,-46.1333,167.6833,40.82,91,42,5.61,scattered clouds,2021-07-23 19:45:49
214,Rundu,NA,-17.9333,19.7667,49.19,16,0,7.16,clear sky,2021-07-23 19:45:49
215,Dingle,PH,10.9995,122.6711,78.17,86,100,12.17,light rain,2021-07-23 19:43:27
216,Begowal,IN,31.6167,75.5167,87.82,61,3,5.14,clear sky,2021-07-23 19:45:50
217,Merauke,ID,-8.4667,140.3333,73.94,86,75,9.8,broken clouds,2021-07-23 19:45:50
218,Malpe,IN,13.35,74.7167,79.9,88,99,12.5,overcast clouds,2021-07-23 19:45:51
219,Bandarbeyla,SO,9.4942,50.8122,76.68,83,32,35.59,scattered clouds,2021-07-23 19:45:51
220,Tucuman,AR,-26.8241,-65.2226,78.8,31,0,0.0,smoke,2021-07-23 19:42:37
221,Bethel,US,41.3712,-73.414,82.49,54,20,1.01,few clouds,2021-07-23 19:45:51
222,Saltpond,GH,5.2091,-1.0606,75.2,84,100,8.77,overcast clouds,2021-07-23 19:45:52
223,Changde,CN,29.0464,111.6783,75.47,96,99,6.46,light rain,2021-07-23 19:45:52
224,Kruisfontein,ZA,-34.0033,24.7314,44.89,77,41,4.76,scattered clouds,2021-07-23 19:45:52
225,Vondrozo,MG,-22.8167,47.2833,59.52,98,76,4.25,light rain,2021-07-23 19:45:53
226,Leh,IN,34.1667,77.5833,65.61,48,18,5.35,few clouds,2021-07-23 19:45:53
227,Yar-Sale,RU,66.8333,70.8333,50.67,91,93,22.32,overcast clouds,2021-07-23 19:45:53
228,Namibe,AO,-15.1961,12.1522,65.75,93,16,4.21,few clouds,2021-07-23 19:44:19
229,Honiara,SB,-9.4333,159.95,76.55,85,100,4.36,overcast clouds,2021-07-23 19:45:54
230,Moose Factory,CA,51.2585,-80.6094,80.6,41,1,9.22,clear sky,2021-07-23 19:45:54
231,Abu Dhabi,AE,24.4667,54.3667,104.11,53,0,3.44,clear sky,2021-07-23 19:45:54
232,Port Hardy,CA,50.6996,-127.4199,59.18,88,90,4.61,overcast clouds,2021-07-23 19:45:13
233,Dikson,RU,73.5069,80.5464,43.92,71,98,11.92,overcast clouds,2021-07-23 19:42:17
234,Ilulissat,GL,69.2167,-51.1,44.62,76,75,5.75,light rain,2021-07-23 19:42:21
235,Lebu,CL,-37.6167,-73.65,52.61,77,100,19.15,overcast clouds,2021-07-23 19:45:55
236,Karratha,AU,-20.7377,116.8463,69.76,39,7,10.2,clear sky,2021-07-23 19:45:55
237,Cradock,ZA,-32.1642,25.6192,34.29,84,21,4.03,few clouds,2021-07-23 19:45:56
238,Mareeba,AU,-17.0,145.4333,59.72,97,30,3.0,scattered clouds,2021-07-23 19:45:56
239,Mogok,MM,22.9167,96.5,67.46,99,97,2.66,overcast clouds,2021-07-23 19:45:56
240,Galle,LK,6.0367,80.217,78.4,86,100,10.36,moderate rain,2021-07-23 19:41:37
241,Caluquembe,AO,-13.7833,14.6833,55.17,19,14,2.84,few clouds,2021-07-23 19:45:57
242,Kuryk,KZ,43.2,51.65,83.21,49,2,10.38,clear sky,2021-07-23 19:45:57
243,Arlit,NE,18.7369,7.3853,98.87,24,18,8.32,few clouds,2021-07-23 19:45:57
244,Beyneu,KZ,45.3167,55.2,88.43,31,100,11.12,overcast clouds,2021-07-23 19:45:58
245,Camabatela,AO,-8.1881,15.375,64.9,25,27,0.83,scattered clouds,2021-07-23 19:45:58
246,Tahta,EG,26.7693,31.5021,89.92,23,0,6.96,clear sky,2021-07-23 19:45:58
247,Whitianga,NZ,-36.8333,175.7,49.51,89,9,3.71,clear sky,2021-07-23 19:45:59
248,Jiuquan,CN,39.7432,98.5174,81.52,31,2,3.04,clear sky,2021-07-23 19:45:59
249,Marawi,PH,7.9986,124.2928,71.65,89,100,6.29,overcast clouds,2021-07-23 19:45:59
250,Nanortalik,GL,60.1432,-45.2371,43.5,84,39,13.4,scattered clouds,2021-07-23 19:36:13
251,Jambi,ID,-1.6,103.6167,73.81,97,94,4.16,heavy intensity rain,2021-07-23 19:46:00
252,Koster,ZA,-25.863,26.8976,34.74,24,0,4.18,clear sky,2021-07-23 19:46:00
253,Manadhoo,MV,5.7667,73.3833,82.44,77,96,13.56,light rain,2021-07-23 19:36:41
254,Visnes,NO,59.3556,5.2242,65.57,82,5,5.75,clear sky,2021-07-23 19:46:01
255,Alakurtti,RU,66.9672,30.3491,49.62,63,100,7.92,overcast clouds,2021-07-23 19:46:01
256,Rodos,GR,36.4408,28.2225,83.86,51,0,11.01,clear sky,2021-07-23 19:46:01
257,Riyadh,SA,24.6877,46.7219,100.54,13,33,11.61,scattered clouds,2021-07-23 19:33:30
258,Tarakan,ID,3.3,117.6333,80.6,77,84,7.49,heavy intensity rain,2021-07-23 19:46:02
259,Kitgum,UG,3.2783,32.8867,64.18,93,72,2.89,broken clouds,2021-07-23 19:46:02
260,Guayaramerin,BO,-10.8368,-65.3614,93.25,33,0,6.91,clear sky,2021-07-23 19:46:02
261,Mount Gambier,AU,-37.8333,140.7667,48.11,93,90,18.41,light intensity shower rain,2021-07-23 19:46:03
262,Banda Aceh,ID,5.5577,95.3222,80.6,79,100,12.8,overcast clouds,2021-07-23 19:46:03
263,Codrington,AU,-38.2667,141.9667,46.36,92,100,19.19,overcast clouds,2021-07-23 19:46:03
264,Tarabha,IN,20.7333,83.65,78.21,89,100,12.15,very heavy rain,2021-07-23 19:46:04
265,Rondonopolis,BR,-16.4708,-54.6356,94.05,19,0,7.96,clear sky,2021-07-23 19:46:04
266,Yokadouma,CM,3.5167,15.05,69.3,97,9,1.05,clear sky,2021-07-23 19:46:04
267,Cooma,AU,-36.2333,149.1333,35.37,100,90,4.61,overcast clouds,2021-07-23 19:46:04
268,Saint George,US,37.1041,-113.5841,98.8,35,1,4.0,clear sky,2021-07-23 19:46:05
269,Leningradskiy,RU,69.3833,178.4167,38.8,80,95,9.98,overcast clouds,2021-07-23 19:46:05
270,Bucerias,MX,20.75,-105.3333,91.98,58,75,6.91,broken clouds,2021-07-23 19:45:28
271,Padang,ID,-0.9492,100.3543,77.02,86,100,4.32,overcast clouds,2021-07-23 19:46:06
272,Moerai,PF,-22.4333,-151.3333,71.26,66,100,8.28,overcast clouds,2021-07-23 19:46:06
273,Santiago Del Estero,AR,-27.7951,-64.2615,84.81,22,0,13.96,clear sky,2021-07-23 19:41:29
274,Novokorsunskaya,RU,45.6408,39.1464,75.18,43,62,7.58,broken clouds,2021-07-23 19:46:06
275,Norman Wells,CA,65.282,-126.8329,60.84,72,90,11.5,overcast clouds,2021-07-23 19:46:07
276,Touros,BR,-5.1989,-35.4608,81.5,72,4,16.84,clear sky,2021-07-23 19:46:07
277,Diebougou,BF,10.9667,-3.25,80.02,67,96,5.53,overcast clouds,2021-07-23 19:46:07
278,Hvide Sande,DK,56.0045,8.1294,64.98,76,0,8.37,clear sky,2021-07-23 19:45:41
279,Wanning,CN,18.8003,110.3967,78.42,90,99,6.58,overcast clouds,2021-07-23 19:46:08
280,Wasilla,US,61.5814,-149.4394,63.48,71,1,0.0,clear sky,2021-07-23 19:46:08
281,Maxixe,MZ,-23.8597,35.3472,59.49,76,47,9.51,scattered clouds,2021-07-23 19:46:08
282,Kembe,CF,4.6228,21.8865,73.69,81,98,1.9,overcast clouds,2021-07-23 19:46:09
283,Lakewood,US,39.7047,-105.0814,96.12,31,43,1.99,scattered clouds,2021-07-23 19:42:21
284,Bukachacha,RU,52.9833,116.9167,54.57,97,43,1.74,light rain,2021-07-23 19:46:09
285,Tezu,IN,27.9167,96.1667,76.5,95,80,3.44,broken clouds,2021-07-23 19:46:09
286,East London,ZA,-33.0153,27.9116,53.76,66,96,4.92,overcast clouds,2021-07-23 19:46:10
287,San Andres,CO,12.5847,-81.7006,80.62,89,75,11.5,broken clouds,2021-07-23 19:46:10
288,Guerrero Negro,MX,27.9769,-114.0611,84.9,49,19,12.03,few clouds,2021-07-23 19:42:56
289,Olafsvik,IS,64.8945,-23.7142,52.18,97,100,7.99,overcast clouds,2021-07-23 19:46:10
290,Chardara,KZ,41.2547,67.9692,81.55,25,0,8.14,clear sky,2021-07-23 19:46:11
291,Biskamzha,RU,53.4497,89.5272,58.32,92,85,3.18,overcast clouds,2021-07-23 19:46:11
292,Pyshma,RU,56.9523,63.2513,64.31,71,100,4.56,overcast clouds,2021-07-23 19:46:11
293,Zapolyarnyy,RU,69.4154,30.8136,45.68,83,100,25.95,overcast clouds,2021-07-23 19:46:11
294,Aklavik,CA,68.2191,-135.0107,59.83,82,90,5.75,overcast clouds,2021-07-23 19:43:49
295,Ramos,PH,15.6833,120.6333,75.56,97,100,1.99,light rain,2021-07-23 19:46:12
296,Omboue,GA,-1.5746,9.2618,73.15,77,75,6.51,broken clouds,2021-07-23 19:46:12
297,Ibra,OM,22.6906,58.5334,90.97,45,80,5.59,broken clouds,2021-07-23 19:46:12
298,Iqaluit,CA,63.7506,-68.5145,51.53,81,90,8.01,light rain,2021-07-23 19:46:13
299,Newport,GB,51.5877,-2.9984,74.86,67,100,15.97,overcast clouds,2021-07-23 19:41:57
300,Sonqor,IR,34.7837,47.6004,79.61,28,0,2.55,clear sky,2021-07-23 19:46:13
301,Saint Pete Beach,US,27.7253,-82.7412,95.14,60,40,1.01,scattered clouds,2021-07-23 19:46:13
302,Umm Lajj,SA,25.0213,37.2685,86.58,59,0,10.33,clear sky,2021-07-23 19:46:14
303,Hami,CN,42.8,93.45,87.73,39,100,12.75,overcast clouds,2021-07-23 19:46:14
304,Salinas,US,36.6777,-121.6555,81.19,66,1,10.36,clear sky,2021-07-23 19:46:14
305,Boa Vista,BR,2.8197,-60.6733,87.78,55,75,9.22,broken clouds,2021-07-23 19:46:15
306,Lorengau,PG,-2.0226,147.2712,81.03,80,16,5.23,few clouds,2021-07-23 19:44:07
307,Kokkola,FI,63.8385,23.1307,59.94,79,0,4.61,clear sky,2021-07-23 19:46:15
308,Aradeo,IT,40.1309,18.1296,79.57,61,0,3.44,clear sky,2021-07-23 19:46:15
309,Vestmanna,FO,62.1564,-7.1664,49.12,100,75,4.61,broken clouds,2021-07-23 19:46:16
310,Altamira,BR,-3.2033,-52.2064,87.89,58,75,3.44,broken clouds,2021-07-23 19:46:16
311,Innisfail,AU,-17.5333,146.0333,63.64,79,90,4.12,overcast clouds,2021-07-23 19:46:16
312,Larap,PH,14.299,122.6504,79.36,87,100,11.18,heavy intensity rain,2021-07-23 19:46:17
313,Haimen,CN,23.1935,116.6142,82.29,90,47,1.79,scattered clouds,2021-07-23 19:46:17
314,Guilin,CN,25.2819,110.2864,77.11,81,1,4.12,clear sky,2021-07-23 19:46:17
315,Saint-Augustin,CA,51.226,-58.6502,50.36,87,100,12.84,overcast clouds,2021-07-23 19:46:18
316,Bull Savanna,JM,17.8868,-77.5902,86.2,58,77,19.17,broken clouds,2021-07-23 19:46:18
317,Brae,GB,60.3964,-1.353,53.51,87,30,7.4,scattered clouds,2021-07-23 19:46:18
318,Zhigansk,RU,66.7697,123.3711,62.24,59,1,5.73,clear sky,2021-07-23 19:46:19
319,Senanga,ZM,-16.1167,23.2667,55.96,24,46,6.73,scattered clouds,2021-07-23 19:46:19
320,Lasem,ID,-6.6922,111.4527,75.47,81,3,7.74,clear sky,2021-07-23 19:46:19
321,Novovoronezh,RU,51.3072,39.2173,64.85,64,0,6.24,clear sky,2021-07-23 19:46:19
322,Brownsville,US,25.9018,-97.4975,92.89,63,75,8.99,broken clouds,2021-07-23 19:41:32
323,Esperance,AU,-33.8667,121.9,46.24,77,58,24.54,broken clouds,2021-07-23 19:44:19
324,Voznesenye,RU,61.0106,35.4781,54.05,59,77,8.19,broken clouds,2021-07-23 19:46:20
325,Kununurra,AU,-15.7667,128.7333,58.98,82,99,0.0,overcast clouds,2021-07-23 19:46:20
326,Broome,US,42.2506,-75.833,80.02,51,40,1.99,scattered clouds,2021-07-23 19:46:21
327,Gopalpur,IN,19.2667,84.9167,82.38,83,100,7.05,very heavy rain,2021-07-23 19:46:21
328,Qasigiannguit,GL,68.8193,-51.1922,44.85,91,100,10.02,overcast clouds,2021-07-23 19:46:06
329,Shimoda,JP,34.6667,138.95,75.11,85,2,2.71,clear sky,2021-07-23 19:46:21
330,Qatana,SY,33.4354,36.0815,73.83,65,0,5.66,clear sky,2021-07-23 19:46:22
331,Imbituba,BR,-28.24,-48.6703,71.49,74,3,16.22,clear sky,2021-07-23 19:43:12
332,Sinjar,IQ,36.3209,41.8754,90.32,14,0,13.31,clear sky,2021-07-23 19:46:22
333,Vila Franca Do Campo,PT,37.7167,-25.4333,70.21,79,83,6.04,broken clouds,2021-07-23 19:46:22
334,Umea,SE,63.8284,20.2597,57.13,82,0,3.44,clear sky,2021-07-23 19:46:23
335,Fereydun Kenar,IR,36.6864,52.5225,83.84,68,0,7.4,clear sky,2021-07-23 19:46:23
336,Robertsport,LR,6.7533,-11.3686,74.68,94,100,12.46,heavy intensity rain,2021-07-23 19:46:23
337,Labuhan,ID,-6.8844,112.2051,75.99,79,4,8.75,clear sky,2021-07-23 19:46:23
338,Uromi,NG,6.7,6.3333,70.0,87,77,4.61,broken clouds,2021-07-23 19:46:24
339,Itarema,BR,-2.9248,-39.9167,80.98,69,7,16.51,clear sky,2021-07-23 19:35:36
340,Imamoglu,TR,37.2651,35.6572,81.63,85,0,2.26,clear sky,2021-07-23 19:46:24
341,Iskateley,RU,67.6803,53.1512,46.31,78,98,5.95,overcast clouds,2021-07-23 19:46:25
342,Leninskoye,KZ,41.7589,69.3864,78.73,18,0,7.74,clear sky,2021-07-23 19:46:25
343,Chiredzi,ZW,-21.05,31.6667,57.87,52,17,13.49,few clouds,2021-07-23 19:46:25
344,Havoysund,NO,70.9963,24.6622,44.83,87,100,28.39,overcast clouds,2021-07-23 19:46:25
345,Sitka,US,57.0531,-135.33,57.09,88,90,8.05,moderate rain,2021-07-23 19:43:57
346,Calbuco,CL,-41.768,-73.1273,51.01,71,75,15.28,broken clouds,2021-07-23 19:46:26
347,Ahipara,NZ,-35.1667,173.1667,49.53,88,4,3.71,clear sky,2021-07-23 19:46:26
348,Mandera,KE,3.9366,41.867,82.06,46,89,26.64,overcast clouds,2021-07-23 19:46:26
349,Nurota,UZ,40.5614,65.6886,82.49,17,0,6.46,clear sky,2021-07-23 19:46:27
350,Luanda,AO,-8.8368,13.2343,73.4,83,0,6.91,clear sky,2021-07-23 19:45:18
351,Marrakesh,MA,31.6315,-8.0083,98.67,26,75,12.66,broken clouds,2021-07-23 19:42:06
352,Chistogorskiy,RU,53.9835,87.3843,66.24,83,100,2.01,overcast clouds,2021-07-23 19:46:27
353,Bosanski Novi,BA,45.0458,16.3803,65.21,77,0,2.66,clear sky,2021-07-23 19:46:28
354,Shelburne,CA,44.0787,-80.2041,80.24,30,31,2.55,scattered clouds,2021-07-23 19:46:28
355,San Patricio,US,28.017,-97.5169,94.98,42,0,18.1,clear sky,2021-07-23 19:46:28
356,Salto,UY,-31.3833,-57.9667,77.16,47,0,5.75,clear sky,2021-07-23 19:46:28
357,Chhapar,IN,27.8167,74.4,83.1,70,98,6.44,heavy intensity rain,2021-07-23 19:46:29
358,La Poza,MX,20.1167,-96.9667,91.99,46,14,11.25,few clouds,2021-07-23 19:46:29
359,Kupang,ID,-10.1667,123.5833,70.93,79,3,7.58,clear sky,2021-07-23 19:46:29
360,Gat,IL,31.61,34.7642,81.28,100,9,7.07,clear sky,2021-07-23 19:43:00
361,Livingston,GB,55.9029,-3.5226,69.67,87,0,9.22,clear sky,2021-07-23 19:43:28
362,San Cristobal,VE,7.7669,-72.225,87.98,68,100,6.11,overcast clouds,2021-07-23 19:46:30
363,San Rafael Del Sur,NI,11.8485,-86.4384,94.17,41,87,17.67,overcast clouds,2021-07-23 19:46:30
364,Mehamn,NO,71.0357,27.8492,44.78,81,75,23.02,broken clouds,2021-07-23 19:46:28
365,Lavrentiya,RU,65.5833,-171.0,46.4,74,96,4.41,overcast clouds,2021-07-23 19:46:31
366,Constitucion,CL,-35.3333,-72.4167,59.27,66,100,8.68,overcast clouds,2021-07-23 19:46:31
367,Tongchuan,CN,35.0806,109.0897,69.13,89,47,4.99,scattered clouds,2021-07-23 19:46:31
368,Alugan,PH,12.2188,125.4808,81.46,72,100,13.53,overcast clouds,2021-07-23 19:46:31
369,Ust-Barguzin,RU,53.45,108.9833,50.09,96,5,0.58,clear sky,2021-07-23 19:46:32
370,Mapimi,MX,25.8167,-103.85,83.17,35,97,7.34,overcast clouds,2021-07-23 19:46:32
371,Faanui,PF,-16.4833,-151.75,78.06,68,7,15.55,clear sky,2021-07-23 19:46:32
372,Namatanai,PG,-3.6667,152.4333,78.39,84,72,7.43,broken clouds,2021-07-23 19:46:33
373,Praia,CV,14.9215,-23.5087,81.14,54,20,16.11,few clouds,2021-07-23 19:46:33
374,Kaduqli,SD,11.0167,29.7167,81.03,58,84,3.56,broken clouds,2021-07-23 19:46:33
375,Passos,BR,-20.7189,-46.6097,76.66,27,0,7.87,clear sky,2021-07-23 19:46:34
376,Qaqortoq,GL,60.7167,-46.0333,57.7,67,1,8.9,clear sky,2021-07-23 19:46:34
377,Luderitz,NA,-26.6481,15.1594,65.97,24,0,16.02,clear sky,2021-07-23 19:46:34
378,Zelenoborskiy,RU,66.845,32.3622,49.87,68,100,10.33,overcast clouds,2021-07-23 19:46:34
379,Asau,RO,46.4333,26.4,63.95,78,16,2.8,few clouds,2021-07-23 19:36:37
380,Palmerston,AU,-12.486,130.9833,69.78,95,0,0.0,mist,2021-07-23 19:46:35
381,Yulara,AU,-25.2406,130.9889,40.84,65,3,1.14,clear sky,2021-07-23 19:46:35
382,Trinidad,BO,-14.8333,-64.9,91.38,46,20,6.91,few clouds,2021-07-23 19:46:35
383,Uvinza,TZ,-5.1036,30.3911,74.35,36,60,3.91,broken clouds,2021-07-23 19:46:36
384,Hofn,IS,64.2539,-15.2082,53.31,98,100,6.6,overcast clouds,2021-07-23 19:46:36
385,Hambantota,LK,6.1241,81.1185,79.63,78,99,17.72,overcast clouds,2021-07-23 19:46:36
386,Kashira,RU,54.8444,38.1669,61.14,73,62,7.81,broken clouds,2021-07-23 19:46:37
387,Matara,LK,5.9485,80.5353,76.41,90,99,9.04,light rain,2021-07-23 19:43:36
388,Bella Union,UY,-30.2752,-57.6007,73.76,58,0,8.01,clear sky,2021-07-23 19:46:37
389,Churapcha,RU,62.0025,132.4325,61.09,92,100,9.01,light rain,2021-07-23 19:46:37
390,Fare,PF,-16.7,-151.0167,77.81,67,11,14.32,few clouds,2021-07-23 19:46:38
391,Petkovci,BA,44.4531,19.0761,68.72,68,2,2.53,clear sky,2021-07-23 19:46:38
392,Southern Pines,US,35.174,-79.3923,90.05,58,40,0.0,scattered clouds,2021-07-23 19:45:35
393,Nome,US,64.5011,-165.4064,50.16,76,90,13.8,overcast clouds,2021-07-23 19:46:38
394,Ust-Ordynskiy,RU,52.805,104.7508,51.64,90,0,1.45,clear sky,2021-07-23 19:46:39
395,El Alto,PE,-4.2714,-81.2147,74.86,75,21,21.88,few clouds,2021-07-23 19:46:39
396,Narrabri,AU,-30.3167,149.7833,51.89,87,90,11.5,overcast clouds,2021-07-23 19:46:39
397,Satipo,PE,-11.2522,-74.6386,87.96,40,6,0.6,clear sky,2021-07-23 19:46:40
398,Zhanakorgan,KZ,43.9098,67.2495,84.18,26,0,7.94,clear sky,2021-07-23 19:46:40
399,Brainerd,US,46.358,-94.2008,88.09,55,1,10.36,haze,2021-07-23 19:46:40
400,Okhtyrka,UA,50.3104,34.8988,63.0,66,8,4.21,clear sky,2021-07-23 19:46:41
401,Clyde River,CA,70.4692,-68.5914,39.43,81,40,26.46,scattered clouds,2021-07-23 19:46:41
402,Peleduy,RU,59.6289,112.7406,57.09,96,5,2.55,clear sky,2021-07-23 19:46:41
403,Oudtshoorn,ZA,-33.5907,22.2014,44.96,68,1,4.83,clear sky,2021-07-23 19:46:42
404,Coquimbo,CL,-29.9533,-71.3436,53.33,82,90,4.61,overcast clouds,2021-07-23 19:46:42
405,Otane,NZ,-39.8833,176.6333,42.01,97,4,1.74,clear sky,2021-07-23 19:46:42
406,Kontagora,NG,10.3999,5.4695,72.48,86,100,2.89,overcast clouds,2021-07-23 19:46:42
407,Kerugoya,KE,-0.4989,37.2803,63.45,74,97,1.03,overcast clouds,2021-07-23 19:46:43
408,Longyearbyen,SJ,78.2186,15.6401,46.24,81,75,10.36,broken clouds,2021-07-23 19:46:43
409,Beloha,MG,-25.1667,45.05,61.86,61,30,5.68,scattered clouds,2021-07-23 19:46:43
410,Roald,NO,62.5833,6.1333,68.92,88,0,13.8,clear sky,2021-07-23 19:46:44
411,Belaya Gora,RU,68.5333,146.4167,54.66,50,100,7.34,overcast clouds,2021-07-23 19:46:44
412,Angoram,PG,-4.0625,144.0661,74.35,99,100,1.77,overcast clouds,2021-07-23 19:46:44
413,Vincennes,FR,48.85,2.4333,80.92,50,0,9.22,clear sky,2021-07-23 19:46:45
414,Santa Cruz,BO,-17.8,-63.1667,87.85,37,0,16.11,clear sky,2021-07-23 19:42:29
415,Prince Rupert,CA,54.3161,-130.3201,57.29,94,90,8.05,light rain,2021-07-23 19:45:40
416,Vanimo,PG,-2.6741,141.3028,77.07,89,100,3.71,light rain,2021-07-23 19:46:45
417,Vestmannaeyjar,IS,63.4427,-20.2734,54.59,94,90,11.5,fog,2021-07-23 19:46:38
418,Alto Araguaia,BR,-17.3147,-53.2153,87.35,20,0,9.73,clear sky,2021-07-23 19:46:46
419,Uwajima,JP,33.2238,132.56,73.51,92,100,5.61,overcast clouds,2021-07-23 19:46:46
420,North Las Vegas,US,36.1989,-115.1175,105.15,29,1,10.36,clear sky,2021-07-23 19:46:03
421,Geraldton,AU,-28.7667,114.6,52.21,93,75,4.61,broken clouds,2021-07-23 19:46:46
422,Kutum,SD,14.2,24.6667,74.8,64,29,13.38,scattered clouds,2021-07-23 19:46:47
423,Bariri,BR,-22.0744,-48.7403,84.45,20,0,7.0,clear sky,2021-07-23 19:46:47
424,Kalemie,CD,-5.9475,29.1947,72.95,58,1,3.58,clear sky,2021-07-23 19:46:47
425,Brookhaven,US,31.5791,-90.4407,91.24,70,80,3.36,broken clouds,2021-07-23 19:46:48
426,Cayenne,GF,4.9333,-52.3333,85.08,72,0,1.99,clear sky,2021-07-23 19:45:37
427,Sorong,ID,-0.8833,131.25,77.77,88,100,11.27,light rain,2021-07-23 19:46:48
428,Lambarene,GA,-0.7001,10.2406,76.8,71,74,7.56,broken clouds,2021-07-23 19:46:48
429,Sorland,NO,67.667,12.6934,51.87,94,100,11.9,overcast clouds,2021-07-23 19:46:49
430,Strezhevoy,RU,60.7333,77.5889,73.38,66,69,9.98,broken clouds,2021-07-23 19:46:49
431,Homer,US,59.6425,-151.5483,62.76,96,40,3.44,mist,2021-07-23 19:45:46
432,Pangnirtung,CA,66.1451,-65.7125,46.58,83,99,7.99,overcast clouds,2021-07-23 19:46:49
433,Henties Bay,NA,-22.116,14.2845,59.86,38,0,7.43,clear sky,2021-07-23 19:46:50
434,Bosaso,SO,11.2842,49.1816,92.3,45,64,11.74,broken clouds,2021-07-23 19:46:50
435,Nakamura,JP,32.9833,132.9333,74.59,97,100,5.59,overcast clouds,2021-07-23 19:46:50
436,Casablanca,MA,33.5928,-7.6192,75.54,73,0,15.99,clear sky,2021-07-23 19:42:32
437,Severo-Kurilsk,RU,50.6789,156.125,54.34,94,96,6.11,overcast clouds,2021-07-23 19:46:51
438,Saryozek,KZ,44.3583,77.9753,73.15,31,0,1.05,clear sky,2021-07-23 19:46:51
439,Pacific Grove,US,36.6177,-121.9166,80.8,79,20,5.99,few clouds,2021-07-23 19:45:36
440,Guatire,VE,10.4762,-66.5427,77.5,93,95,3.58,overcast clouds,2021-07-23 19:46:51
441,Bireun,ID,5.203,96.7009,78.51,77,100,4.61,overcast clouds,2021-07-23 19:46:52
442,Petropavlovsk-Kamchatskiy,RU,53.0452,158.6483,50.59,100,75,2.24,broken clouds,2021-07-23 19:43:09
443,Florianopolis,BR,-27.6146,-48.5012,69.13,58,0,13.8,clear sky,2021-07-23 19:46:52
444,Port Lincoln,AU,-34.7333,135.8667,52.93,69,16,22.79,few clouds,2021-07-23 19:45:12
445,Ixtapa,MX,20.7,-105.2,91.22,67,77,5.01,broken clouds,2021-07-23 19:46:53
446,Virginia Beach,US,36.8529,-75.978,87.03,46,45,5.46,scattered clouds,2021-07-23 19:43:23
447,Hay River,CA,60.8156,-115.7999,66.18,77,75,14.97,light rain,2021-07-23 19:46:53
448,Suntar,RU,62.1444,117.6319,58.62,87,37,6.13,scattered clouds,2021-07-23 19:46:53
449,Nabire,ID,-3.3667,135.4833,74.46,93,100,2.3,light rain,2021-07-23 19:46:53
450,Mogadishu,SO,2.0371,45.3438,76.6,85,19,24.47,few clouds,2021-07-23 19:46:54
451,Husavik,IS,66.0449,-17.3389,67.91,80,85,0.87,overcast clouds,2021-07-23 19:44:56
452,Lasa,IT,46.6166,10.7002,73.31,76,13,2.33,few clouds,2021-07-23 19:46:54
453,Zheleznogorsk,RU,52.331,35.3711,61.32,77,47,7.31,scattered clouds,2021-07-23 19:46:54
454,Nemuro,JP,43.3236,145.575,60.75,95,91,10.49,overcast clouds,2021-07-23 19:45:47
455,Charlestown,AU,-32.95,151.6667,55.56,86,69,4.0,broken clouds,2021-07-23 19:44:09
456,Minsk,BY,53.9,27.5667,69.55,73,95,7.09,overcast clouds,2021-07-23 19:46:55
457,Saint-Francois,FR,46.4154,3.9054,78.42,74,100,5.75,thunderstorm,2021-07-23 19:46:55
458,Moses Lake,US,47.1301,-119.2781,81.88,22,1,3.44,clear sky,2021-07-23 19:46:56
459,Vikhorevka,RU,56.1201,101.1636,60.24,90,0,1.54,clear sky,2021-07-23 19:46:56
460,Samarai,PG,-10.6167,150.6667,80.24,85,74,8.5,broken clouds,2021-07-23 19:46:56
461,Madera,US,37.1666,-119.8343,102.87,19,13,3.0,few clouds,2021-07-23 19:42:06
462,Svetlogorsk,BY,52.6333,29.7333,65.21,71,87,7.05,overcast clouds,2021-07-23 19:46:57
463,Hondo,JP,32.45,130.2,77.79,81,100,11.16,overcast clouds,2021-07-23 19:46:57
464,Epe,NG,6.5841,3.9834,75.07,80,96,6.13,overcast clouds,2021-07-23 19:46:57
465,Tawau,MY,4.2498,117.8871,78.93,94,97,2.28,overcast clouds,2021-07-23 19:46:57
466,Ust-Kuyga,RU,70.0167,135.6,56.37,56,100,4.45,overcast clouds,2021-07-23 19:46:58
467,Bima,ID,-8.4667,118.7167,70.43,93,5,4.05,clear sky,2021-07-23 19:46:58
468,San Policarpo,PH,12.1791,125.5072,81.77,72,100,14.41,overcast clouds,2021-07-23 19:46:59
469,Katherine,AU,-14.4667,132.2667,61.12,67,7,0.0,clear sky,2021-07-23 19:46:59
470,Usvyaty,RU,55.7456,30.7533,57.06,73,92,2.28,overcast clouds,2021-07-23 19:46:59
471,Desaguadero,PE,-16.5656,-69.0417,56.41,27,23,19.44,few clouds,2021-07-23 19:46:59
472,Saint-Joseph,RE,-21.3667,55.6167,66.58,70,22,7.56,few clouds,2021-07-23 19:46:26
473,Luwuk,ID,-0.9516,122.7875,74.52,76,98,4.52,overcast clouds,2021-07-23 19:47:00
474,Salalah,OM,17.0151,54.0924,77.09,100,90,6.91,light intensity drizzle,2021-07-23 19:47:00
475,Qostanay,KZ,53.1667,63.5833,66.11,91,100,8.93,light rain,2021-07-23 19:47:00
476,Thunder Bay,CA,48.4001,-89.3168,76.28,77,90,11.5,overcast clouds,2021-07-23 19:47:01
477,Byron Bay,AU,-28.65,153.6167,57.87,91,14,7.76,few clouds,2021-07-23 19:47:01
478,Kabalo,CD,-6.05,26.9167,82.09,29,65,4.36,broken clouds,2021-07-23 19:47:01
479,Inhambane,MZ,-23.865,35.3833,60.71,74,52,11.12,light rain,2021-07-23 19:47:02
480,Vallenar,CL,-28.5708,-70.7581,70.23,36,69,5.66,broken clouds,2021-07-23 19:47:02
481,Ciro Marina,IT,39.3732,17.126,73.85,56,0,4.99,clear sky,2021-07-23 19:47:02
482,Bogashevo,RU,56.3683,85.1447,62.44,77,0,4.47,clear sky,2021-07-23 19:47:03
483,Halifax,CA,44.6453,-63.5724,70.52,83,75,1.01,broken clouds,2021-07-23 19:45:59
484,Biak,ID,-0.9131,122.8766,73.81,78,99,6.24,overcast clouds,2021-07-23 19:47:03
485,Morondava,MG,-20.2833,44.2833,71.04,69,76,19.95,broken clouds,2021-07-23 19:47:03
486,Kyshtovka,RU,56.555,76.6271,64.67,80,47,4.45,scattered clouds,2021-07-23 19:47:04
487,Blagoyevo,RU,63.3667,47.9167,46.9,89,100,6.58,overcast clouds,2021-07-23 19:47:04
488,Am Timan,TD,11.0297,20.2827,76.73,72,7,4.0,clear sky,2021-07-23 19:47:04
489,Carauari,BR,-4.8828,-66.8958,93.58,35,86,3.27,overcast clouds,2021-07-23 19:47:05
490,Tracy,US,37.7397,-121.4252,95.4,42,3,6.44,clear sky,2021-07-23 19:47:05
491,Reyes,BO,-14.3167,-67.3833,89.56,45,0,0.0,clear sky,2021-07-23 19:47:05
492,Raudeberg,NO,61.9875,5.1352,67.78,80,98,17.87,overcast clouds,2021-07-23 19:47:05
493,Sortland,NO,68.6949,15.4162,52.36,93,100,5.21,overcast clouds,2021-07-23 19:47:06
494,Luganville,VU,-15.5333,167.1667,77.59,85,100,4.88,overcast clouds,2021-07-23 19:47:06
495,Ouango,CF,4.3133,22.5552,72.68,89,100,1.79,overcast clouds,2021-07-23 19:47:06
496,Plerin,FR,48.5425,-2.7798,69.28,86,75,8.99,broken clouds,2021-07-23 19:47:07
497,Nantucket,US,41.2835,-70.0995,80.71,61,1,9.22,clear sky,2021-07-23 19:44:09
498,Inongo,CD,-1.95,18.2667,74.21,46,100,4.85,overcast clouds,2021-07-23 19:47:07
499,Galesong,ID,-5.3166,119.3661,69.82,73,83,8.21,broken clouds,2021-07-23 19:47:07
500,Doctor Juan Manuel Frutos,PY,-25.3667,-55.8,79.56,32,0,6.93,clear sky,2021-07-23 19:47:08
501,Shingu,JP,33.7333,135.9833,74.91,90,97,4.83,overcast clouds,2021-07-23 19:47:08
502,Klaksvik,FO,62.2266,-6.589,50.92,91,95,17.27,overcast clouds,2021-07-23 19:46:27
503,Kuching,MY,1.55,110.3333,77.22,94,20,2.3,few clouds,2021-07-23 19:47:08
504,Camarzana,RO,48.0,23.3167,68.7,77,48,3.98,scattered clouds,2021-07-23 19:47:09
505,Lengshuitan,CN,26.4111,111.5956,77.13,88,29,3.49,scattered clouds,2021-07-23 19:47:09
506,Khani,GE,41.9563,42.9566,60.37,97,87,0.49,overcast clouds,2021-07-23 19:47:09
507,High Level,CA,58.5169,-117.136,66.31,72,40,11.5,smoke,2021-07-23 19:47:10
508,Tiarei,PF,-17.5333,-149.3333,80.62,68,2,12.24,clear sky,2021-07-23 19:47:10
509,Oakdale,US,44.963,-92.9649,96.42,50,1,16.11,clear sky,2021-07-23 19:47:10
510,Anamur,TR,36.0751,32.8369,86.02,57,2,7.94,clear sky,2021-07-23 19:47:11
511,Sibu,MY,2.3,111.8167,79.11,94,20,0.0,few clouds,2021-07-23 19:47:11
512,Pyaozerskiy,RU,65.8333,31.1667,47.53,66,100,8.72,overcast clouds,2021-07-23 19:47:11
513,Pontes E Lacerda,BR,-15.2261,-59.3353,95.95,18,0,6.82,clear sky,2021-07-23 19:47:12
514,Opuwo,NA,-18.0607,13.84,58.82,16,0,8.25,clear sky,2021-07-23 19:46:59
515,Aswan,EG,24.0934,32.907,97.9,17,0,9.22,clear sky,2021-07-23 19:47:12
516,Belyy Yar,RU,53.6039,91.3903,67.89,83,0,2.24,clear sky,2021-07-23 19:47:12
517,Spasskoye,RU,44.6108,132.7969,75.67,78,100,5.01,overcast clouds,2021-07-23 19:47:13
518,Wilson,US,36.1501,-86.2833,90.64,56,1,5.75,clear sky,2021-07-23 19:47:13
519,Fallon,US,39.4735,-118.7774,95.45,11,90,6.91,smoke,2021-07-23 19:47:13
520,Bangkal,PH,6.0667,121.0667,78.66,89,98,5.48,overcast clouds,2021-07-23 19:47:14
521,Raga,SS,8.4596,25.678,72.97,87,28,4.09,scattered clouds,2021-07-23 19:47:14
522,Pacifica,US,37.6138,-122.4869,94.37,70,1,1.99,clear sky,2021-07-23 19:47:14
523,Abu Samrah,SY,35.3029,37.1841,79.18,60,39,13.02,scattered clouds,2021-07-23 19:47:14
524,Talnakh,RU,69.4865,88.3972,58.48,62,100,12.8,light rain,2021-07-23 19:47:15
525,Araguaina,BR,-7.1911,-48.2072,94.84,19,4,7.63,clear sky,2021-07-23 19:47:15
526,Vilcun,CL,-38.65,-72.2333,50.74,83,100,5.61,overcast clouds,2021-07-23 19:47:15
527,Kismayo,SO,-0.3582,42.5454,76.48,80,85,22.93,overcast clouds,2021-07-23 19:47:16
528,Tara,RU,56.8944,74.371,66.47,71,0,8.28,clear sky,2021-07-23 19:47:16
529,Carmo Do Rio Verde,BR,-15.3536,-49.7075,84.16,26,64,8.48,broken clouds,2021-07-23 19:47:16
530,Faya,SA,18.3851,42.4509,64.51,72,87,1.77,overcast clouds,2021-07-23 19:47:17
531,San Ramon,US,37.7799,-121.978,95.11,38,1,4.0,clear sky,2021-07-23 19:47:17
532,Monteagudo,BO,-19.8167,-63.9833,83.98,25,0,8.88,clear sky,2021-07-23 19:47:17
533,Ulladulla,AU,-35.35,150.4667,47.88,86,100,5.53,overcast clouds,2021-07-23 19:47:18
534,Pemangkat,ID,1.1667,108.9667,79.27,82,95,8.34,overcast clouds,2021-07-23 19:47:18
535,Sokoni,TZ,-6.4333,39.55,76.86,74,6,19.73,clear sky,2021-07-23 19:47:18
536,Gijon,ES,43.5357,-5.6615,66.99,79,5,1.99,clear sky,2021-07-23 19:47:19
537,San Luis,AR,-33.295,-66.3356,68.4,25,100,11.18,overcast clouds,2021-07-23 19:47:19
538,Ballina,AU,-28.8667,153.5667,52.79,100,7,0.0,clear sky,2021-07-23 19:47:19
539,Nelson Bay,AU,-32.7167,152.15,51.96,95,42,7.43,light rain,2021-07-23 19:47:19
540,Kirakira,SB,-10.4544,161.9205,78.42,85,87,5.73,overcast clouds,2021-07-23 19:47:20
541,Bafut,CM,6.0833,10.1,64.04,99,100,2.17,light rain,2021-07-23 19:47:20
542,Umuarama,BR,-23.7664,-53.325,73.83,52,0,8.19,clear sky,2021-07-23 19:47:20
543,Luba,GQ,3.4568,8.5547,76.89,87,97,6.73,moderate rain,2021-07-23 19:47:21
544,Khandyga,RU,62.6667,135.6,63.14,72,100,3.06,overcast clouds,2021-07-23 19:47:21
545,Nikolayevsk-Na-Amure,RU,53.1406,140.73,70.72,86,68,2.46,broken clouds,2021-07-23 19:47:21
546,Waiuku,NZ,-37.25,174.75,46.96,97,28,3.18,scattered clouds,2021-07-23 19:47:22
547,Lewistown,US,40.5992,-77.5714,84.25,40,57,1.36,broken clouds,2021-07-23 19:47:22
548,Aripuana,BR,-9.1667,-60.6333,96.44,22,0,3.8,clear sky,2021-07-23 19:47:22
549,Soc Trang,VN,9.6033,105.98,78.76,88,94,8.52,overcast clouds,2021-07-23 19:47:23
550,Hue,VN,16.4667,107.6,87.91,55,75,5.75,broken clouds,2021-07-23 19:47:23
551,Millerovo,RU,48.9226,40.3967,64.24,53,0,8.25,clear sky,2021-07-23 19:47:23
552,Synya,RU,65.3718,58.0387,54.73,68,100,4.34,overcast clouds,2021-07-23 19:47:24
553,Katrineholm,SE,58.9959,16.2072,64.29,60,0,4.25,clear sky,2021-07-23 19:47:24
554,Nakatunguru,TZ,-2.1167,33.0667,68.04,49,0,7.07,clear sky,2021-07-23 19:47:24
555,Zlotow,PL,53.3635,17.0408,67.44,62,93,9.24,overcast clouds,2021-07-23 19:47:24
556,Champoton,MX,19.35,-90.7167,84.9,65,58,13.29,broken clouds,2021-07-23 19:47:25
557,Bulgan,MN,48.8125,103.5347,58.3,95,87,2.89,overcast clouds,2021-07-23 19:47:25
558,Drovyanaya,RU,51.5833,113.0333,53.11,79,24,6.02,few clouds,2021-07-23 19:47:25
559,Askiz,RU,53.1319,90.5264,63.99,84,60,1.05,broken clouds,2021-07-23 19:47:26
560,Roma,US,43.2128,-75.4557,80.46,64,90,5.75,overcast clouds,2021-07-23 19:47:26
561,Chernyshevskiy,RU,63.0128,112.4714,53.8,84,8,1.39,clear sky,2021-07-23 19:47:26
562,Sao Joao Da Barra,BR,-21.6403,-41.0511,75.29,62,0,8.16,clear sky,2021-07-23 19:47:27
563,Valasske Mezirici,CZ,49.4718,17.9711,68.68,73,11,2.82,few clouds,2021-07-23 19:43:16
564,Ayan,RU,56.45,138.1667,59.5,88,100,8.77,overcast clouds,2021-07-23 19:47:27
565,Stephenville,US,32.2207,-98.2023,93.54,52,75,10.36,broken clouds,2021-07-23 19:46:25
566,Kolo,PL,52.2002,18.6387,68.99,73,19,1.39,few clouds,2021-07-23 19:47:27
567,Hasaki,JP,35.7333,140.8333,73.8,85,0,1.54,clear sky,2021-07-23 19:43:26
568,Belmonte,BR,-15.8631,-38.8828,77.0,64,92,12.39,overcast clouds,2021-07-23 19:47:28
569,Veraval,IN,20.9,70.3667,82.47,83,97,18.57,overcast clouds,2021-07-23 19:47:28
570,Zhanaozen,KZ,43.3,52.8,81.91,41,56,15.95,broken clouds,2021-07-23 19:47:28
571,Lyubim,RU,58.3625,40.6843,50.63,98,53,6.06,broken clouds,2021-07-23 19:47:29
572,Wanxian,CN,30.8039,108.3897,77.23,95,100,3.6,light rain,2021-07-23 19:47:29
573,Batemans Bay,AU,-35.7167,150.1833,51.19,84,100,4.45,moderate rain,2021-07-23 19:47:29
574,Yazd,IR,31.8972,54.3675,96.91,13,20,9.22,few clouds,2021-07-23 19:47:30
575,Waingapu,ID,-9.6567,120.2641,70.47,73,0,5.44,clear sky,2021-07-23 19:47:30
576,Balabac,PH,7.9868,117.0645,83.26,82,98,16.62,overcast clouds,2021-07-23 19:47:30
577,Srednekolymsk,RU,67.45,153.6833,57.43,58,47,8.12,scattered clouds,2021-07-23 19:47:31
578,Caxito,AO,-8.5785,13.6643,74.05,93,84,1.14,broken clouds,2021-07-23 19:47:31
579,Vilyuysk,RU,63.7553,121.6247,64.08,72,100,8.48,overcast clouds,2021-07-23 19:47:31
580,Santiago De Cao,PE,-7.9589,-79.2392,68.13,77,13,12.66,few clouds,2021-07-23 19:47:31
581,Kapit,MY,2.0167,112.9333,74.53,94,100,0.87,overcast clouds,2021-07-23 19:47:32
582,Astana,KZ,51.1801,71.446,62.55,59,0,4.47,clear sky,2021-07-23 19:47:32
583,Muroto,JP,33.2833,134.15,77.63,86,100,11.43,overcast clouds,2021-07-23 19:47:32
584,Verkhnyaya Inta,RU,65.9811,60.3094,51.66,65,74,7.49,broken clouds,2021-07-23 19:47:33
585,Chilca,PE,-12.5211,-76.7372,64.85,82,29,9.57,scattered clouds,2021-07-23 19:47:33
586,Mampong,GH,7.0627,-1.4001,72.95,81,100,4.38,overcast clouds,2021-07-23 19:47:33
587,Kuandian,CN,40.7286,124.7847,70.29,92,97,1.81,overcast clouds,2021-07-23 19:47:34
588,Moga,IN,30.8,75.1667,86.18,65,5,5.77,clear sky,2021-07-23 19:47:34
589,Tura,IN,25.5198,90.2201,75.94,89,100,5.35,overcast clouds,2021-07-23 19:47:34
590,Baykit,RU,61.67,96.37,61.05,86,93,1.57,overcast clouds,2021-07-23 19:47:34
591,Ankazoabo,MG,-22.2833,44.5167,61.47,67,0,18.92,clear sky,2021-07-23 19:47:35
592,Wodonga,AU,-36.1167,146.8833,46.4,96,90,3.0,overcast clouds,2021-07-23 19:47:35
593,Brenham,US,30.1669,-96.3977,95.86,59,40,11.5,scattered clouds,2021-07-23 19:47:35
594,Beringovskiy,RU,63.05,179.3167,53.33,79,100,5.08,overcast clouds,2021-07-23 19:47:36
595,Manokwari,ID,-0.8667,134.0833,77.77,82,100,5.46,light rain,2021-07-23 19:47:36
596,Canalete,CO,8.6761,-76.2042,87.8,69,74,4.12,broken clouds,2021-07-23 19:47:36
597,Kalabo,ZM,-14.97,22.6814,57.9,24,98,7.45,overcast clouds,2021-07-23 19:47:37
598,Lohja,FI,60.2486,24.0653,63.79,61,58,6.96,broken clouds,2021-07-23 19:47:37
599,Ucluelet,CA,48.9329,-125.5528,60.1,84,99,1.01,overcast clouds,2021-07-23 19:44:25
600,Kenai,US,60.5544,-151.2583,57.25,72,90,3.44,light rain,2021-07-23 19:47:37
601,Xuanzhou,CN,30.9525,118.7553,73.69,96,17,6.2,few clouds,2021-07-23 19:47:38
602,Warrington,GB,53.3925,-2.5802,69.85,69,75,1.99,broken clouds,2021-07-23 19:47:38
603,Altay,CN,47.8667,88.1167,67.75,60,21,6.62,few clouds,2021-07-23 19:43:52
604,Pochutla,MX,15.7432,-96.4661,92.82,49,34,8.03,scattered clouds,2021-07-23 19:47:38
605,Peniche,PT,39.3558,-9.3811,71.08,84,45,10.71,scattered clouds,2021-07-23 19:43:52
606,Acapulco,MX,16.8634,-99.8901,85.82,66,90,6.91,overcast clouds,2021-07-23 19:47:39
607,Adrar,MR,20.5022,-10.0711,98.87,14,11,8.25,few clouds,2021-07-23 19:46:02
608,Union,US,40.6334,-74.2663,85.21,44,75,3.44,broken clouds,2021-07-23 19:47:39
609,Hobyo,SO,5.3505,48.5268,77.13,84,20,30.71,few clouds,2021-07-23 19:47:39
610,Cabinda,AO,-5.55,12.2,70.79,85,89,6.44,overcast clouds,2021-07-23 19:47:40
611,Xuddur,SO,4.1213,43.8894,73.62,57,89,26.57,overcast clouds,2021-07-23 19:47:40
612,Komsomolskiy,UZ,40.4272,71.7189,81.32,36,0,0.0,clear sky,2021-07-23 19:47:40
613,Mazagao,BR,-0.115,-51.2894,89.65,58,61,6.02,broken clouds,2021-07-23 19:47:41
614,Camalu,MX,30.85,-116.0667,80.42,64,86,8.93,overcast clouds,2021-07-23 19:47:41
615,Hajnowka,PL,52.7433,23.5812,65.79,67,8,1.01,clear sky,2021-07-23 19:47:41
616,Cockburn Town,TC,21.4612,-71.1419,85.96,70,40,13.8,scattered clouds,2021-07-23 19:47:41
617,Vao,NC,-22.6667,167.4833,70.79,76,25,7.49,scattered clouds,2021-07-23 19:47:42
618,Mopti,ML,14.6667,-4.0,92.28,39,8,11.18,clear sky,2021-07-23 19:47:42
619,Jiayuguan,CN,39.8167,98.3,80.92,32,4,1.1,clear sky,2021-07-23 19:47:42
620,Zdunska Wola,PL,51.5992,18.9397,69.33,84,87,2.51,overcast clouds,2021-07-23 19:47:43
621,Alangulam,IN,8.8667,77.5,80.46,64,100,10.02,overcast clouds,2021-07-23 19:47:43
622,Praia Da Vitoria,PT,38.7333,-27.0667,77.25,78,75,11.23,light intensity drizzle,2021-07-23 19:47:43
623,Kardymovo,RU,54.8902,32.4311,57.16,76,38,3.74,scattered clouds,2021-07-23 19:47:44
624,Auki,SB,-8.7676,160.7034,77.31,86,100,3.53,overcast clouds,2021-07-23 19:47:44
625,Santa Helena De Goias,BR,-17.8136,-50.5969,84.51,25,0,9.66,clear sky,2021-07-23 19:47:44
626,Omidiyeh,IR,30.7597,49.705,98.35,14,0,11.25,clear sky,2021-07-23 19:47:45
627,Stornoway,GB,58.2093,-6.3865,62.92,88,0,9.22,clear sky,2021-07-23 19:47:45
628,Boyabat,TR,41.4689,34.7667,64.89,76,64,4.14,broken clouds,2021-07-23 19:47:45
629,Jijiga,ET,9.35,42.8,66.88,69,82,10.96,broken clouds,2021-07-23 19:47:45
630,Chara,RU,56.9064,118.2631,57.0,85,96,3.18,overcast clouds,2021-07-23 19:47:46
631,Mazabuka,ZM,-15.856,27.748,60.94,46,71,5.84,broken clouds,2021-07-23 19:47:46
632,Flinders,AU,-34.5833,150.8552,53.38,86,99,1.01,light rain,2021-07-23 19:47:46
633,Kondol,RU,52.8189,45.058,69.26,63,24,7.0,few clouds,2021-07-23 19:47:47
634,Goundam,ML,16.4145,-3.6708,96.12,34,16,14.34,few clouds,2021-07-23 19:47:47
635,Charyshskoye,RU,51.3978,83.5598,59.79,93,49,3.27,scattered clouds,2021-07-23 19:47:47
636,Tete,MZ,-16.1564,33.5867,71.69,64,75,14.0,broken clouds,2021-07-23 19:47:48
637,Saint-Leu,RE,-21.15,55.2833,67.06,65,5,2.42,clear sky,2021-07-23 19:47:48
638,Pachino,IT,36.7186,15.0907,82.6,64,0,10.74,clear sky,2021-07-23 19:47:48
639,Bone,DE,51.9669,12.1396,69.44,69,3,7.05,clear sky,2021-07-23 19:47:49
640,Tazovskiy,RU,67.4667,78.7,62.33,88,75,25.5,broken clouds,2021-07-23 19:47:49
641,Alberton,CA,46.8168,-64.0654,64.53,76,50,14.12,scattered clouds,2021-07-23 19:47:49
642,Garowe,SO,8.4054,48.4845,77.67,55,95,30.8,overcast clouds,2021-07-23 19:47:49
643,Tateyama,JP,34.9833,139.8667,80.02,82,2,1.03,clear sky,2021-07-23 19:47:50
644,Mataram,ID,-8.5833,116.1167,72.41,75,0,8.66,clear sky,2021-07-23 19:47:50
645,Dongying,CN,37.4564,118.4856,78.44,75,66,5.79,light rain,2021-07-23 19:47:50
646,Ocotepec,MX,17.2167,-93.15,73.8,54,33,6.55,scattered clouds,2021-07-23 19:47:51
647,Fort Nelson,CA,58.8053,-122.7002,65.79,52,75,9.22,broken clouds,2021-07-23 19:46:58
648,Japura,ID,-0.3167,102.35,75.27,92,100,2.73,overcast clouds,2021-07-23 19:47:51
649,Maseru,LS,-29.3167,27.4833,33.08,27,0,3.11,clear sky,2021-07-23 19:47:51
650,Parati,BR,-23.2178,-44.7131,83.3,76,0,4.54,clear sky,2021-07-23 19:46:27
651,Solnechnyy,RU,50.7214,136.6319,72.73,86,36,3.06,scattered clouds,2021-07-23 19:47:52
652,San Felipe,VE,10.3399,-68.7425,82.15,83,98,3.6,overcast clouds,2021-07-23 19:47:52
653,Markova,UA,48.6758,24.4138,59.83,86,73,2.86,broken clouds,2021-07-23 19:47:52
654,Stromness,GB,58.965,-3.296,53.85,84,100,10.94,overcast clouds,2021-07-23 19:47:53
655,Dombarovskiy,RU,50.7587,59.5386,75.2,61,100,13.0,overcast clouds,2021-07-23 19:47:53
656,Kichera,RU,55.9375,110.0997,56.66,84,100,5.55,overcast clouds,2021-07-23 19:47:53
657,Lancaster,US,40.2504,-76.2499,83.95,47,75,3.0,broken clouds,2021-07-23 19:43:52
658,Setermoen,NO,68.861,18.3486,51.44,98,100,3.09,overcast clouds,2021-07-23 19:47:54
659,Nuradilovo,RU,43.2845,46.4576,70.59,93,100,7.85,overcast clouds,2021-07-23 19:47:54
660,Tartagal,AR,-22.5164,-63.8013,95.14,20,0,9.91,clear sky,2021-07-23 19:47:55
661,Najran,SA,17.4924,44.1277,79.45,47,100,5.35,overcast clouds,2021-07-23 19:47:55
662,Yumen,CN,40.2833,97.2,81.66,36,41,7.34,scattered clouds,2021-07-23 19:47:55
663,Port Hedland,AU,-20.3167,118.5667,64.45,45,1,6.91,clear sky,2021-07-23 19:47:56
664,Turkistan,KZ,43.0,68.0,83.03,20,0,7.36,clear sky,2021-07-23 19:47:56
665,Nhulunbuy,AU,-12.2333,136.7667,66.81,94,9,0.0,clear sky,2021-07-23 19:47:56
666,Kuah,MY,6.3265,99.8432,80.6,94,20,2.3,moderate rain,2021-07-23 19:47:56
667,Orsha,BY,54.5153,30.4053,58.55,92,7,7.85,clear sky,2021-07-23 19:47:57
668,Lafiagi,NG,8.8667,5.4167,75.27,85,100,2.19,overcast clouds,2021-07-23 19:47:57
669,Darnah,LY,32.767,22.6367,78.62,73,0,16.62,clear sky,2021-07-23 19:47:57
670,Rio Gallegos,AR,-51.6226,-69.2181,39.25,81,40,14.97,scattered clouds,2021-07-23 19:47:58
671,Bogorodskoye,RU,56.55,37.8833,60.78,71,74,6.87,broken clouds,2021-07-23 19:47:58
672,Pokaran,IN,26.9167,71.9167,82.65,64,100,12.73,overcast clouds,2021-07-23 19:47:58
673,Lamar,US,33.6668,-95.5836,92.35,64,40,11.5,scattered clouds,2021-07-23 19:47:59
674,Sarh,TD,9.1429,18.3923,78.71,89,20,0.0,few clouds,2021-07-23 19:47:59
675,Dogondoutchi,NE,13.6393,4.0287,90.0,46,100,12.19,overcast clouds,2021-07-23 19:47:59
676,Acari,PE,-15.4311,-74.6158,75.16,51,2,11.21,clear sky,2021-07-23 19:47:59
677,Havelock,US,34.8791,-76.9013,86.99,55,10,5.99,clear sky,2021-07-23 19:48:00
678,Ippy,CF,6.2679,21.2247,72.88,83,98,3.87,overcast clouds,2021-07-23 19:48:00
679,Salina Cruz,MX,16.1667,-95.2,93.18,44,13,24.72,few clouds,2021-07-23 19:48:00
680,Krapkowice,PL,50.4752,17.9654,69.44,64,55,1.74,broken clouds,2021-07-23 19:48:01
681,Megion,RU,61.0296,76.1136,73.42,86,2,7.49,clear sky,2021-07-23 19:48:01
682,Rafaela,AR,-31.2503,-61.4867,79.3,35,3,5.7,clear sky,2021-07-23 19:48:01
683,Pietersburg,ZA,-23.9045,29.4688,45.45,57,0,8.05,clear sky,2021-07-23 19:48:02
684,Berlevag,NO,70.8578,29.0864,44.6,86,100,32.7,overcast clouds,2021-07-23 19:48:02
685,Benguela,AO,-12.5763,13.4055,69.78,87,16,2.28,few clouds,2021-07-23 19:48:02
686,Abu Zabad,SD,12.35,29.25,83.44,52,78,5.46,light rain,2021-07-23 19:48:03
687,Carutapera,BR,-1.195,-46.02,78.67,89,17,7.38,light rain,2021-07-23 19:48:03
688,Troitsko-Pechorsk,RU,62.7084,56.1964,50.77,68,20,5.7,few clouds,2021-07-23 19:48:03
689,Igarka,RU,67.4667,86.5833,62.73,73,100,22.97,overcast clouds,2021-07-23 19:48:04
690,Araouane,ML,18.9048,-3.5265,86.65,47,25,19.6,scattered clouds,2021-07-23 19:45:18
691,Ust-Maya,RU,60.4167,134.5333,63.79,78,96,5.82,overcast clouds,2021-07-23 19:48:04
692,Siparia,TT,10.1333,-61.5,85.06,86,100,1.01,overcast clouds,2021-07-23 19:48:05
693,Porto San Giorgio,IT,43.1827,13.7934,80.11,67,76,3.38,broken clouds,2021-07-23 19:48:05
694,Shaunavon,CA,49.6501,-108.4181,76.78,13,76,13.58,broken clouds,2021-07-23 19:48:05
695,Nanpiao,CN,41.0982,120.7479,69.42,91,11,4.61,few clouds,2021-07-23 19:48:06
696,Birao,CF,10.2849,22.7882,75.25,79,10,4.68,clear sky,2021-07-23 19:48:06
697,Benghazi,LY,32.1167,20.0667,79.79,68,0,14.56,clear sky,2021-07-23 19:48:06
698,Sioux Lookout,CA,50.1001,-91.917,73.78,35,91,8.1,moderate rain,2021-07-23 19:48:06
699,Bowen,AU,-20.0167,148.2333,68.22,88,9,8.79,clear sky,2021-07-23 19:48:07
700,Dunning,GB,56.312,-3.5861,67.41,93,82,5.23,broken clouds,2021-07-23 19:48:07
701,Iralaya,HN,15.0,-83.2333,89.69,68,12,11.39,few clouds,2021-07-23 19:48:07
702,Gornyak,RU,50.9942,81.4661,62.64,92,11,5.57,few clouds,2021-07-23 19:48:08
703,Dunedin,NZ,-45.8742,170.5036,42.8,79,29,1.01,scattered clouds,2021-07-23 19:47:46
704,Chakia,IN,26.4167,85.05,82.35,80,27,18.3,scattered clouds,2021-07-23 19:48:09
705,San Pedro,PH,14.35,121.0167,80.15,95,90,2.3,moderate rain,2021-07-23 19:48:10
706,Langarud,IR,37.197,50.1535,82.38,75,0,4.5,clear sky,2021-07-23 19:48:10
707,Antofagasta,CL,-23.65,-70.4,58.28,72,83,4.38,broken clouds,2021-07-23 19:47:37
708,Wajid,SO,3.8093,43.2471,75.52,58,22,26.26,few clouds,2021-07-23 19:48:10
709,Grenville,GD,12.1167,-61.6167,86.05,78,42,12.75,scattered clouds,2021-07-23 19:48:11
710,Otjimbingwe,NA,-22.35,16.1333,59.94,7,0,8.46,clear sky,2021-07-23 19:48:11
711,Lakes Entrance,AU,-37.8811,147.981,47.57,80,98,4.18,light rain,2021-07-23 19:48:11
712,Brasilia De Minas,BR,-16.2064,-44.4333,73.18,33,99,8.61,overcast clouds,2021-07-23 19:48:12
713,Olinala,MX,17.8333,-98.85,82.02,38,68,4.14,broken clouds,2021-07-23 19:48:12
